MXP AUSTRALIA,1001,1001 - MacQuarie Cash Management Trust,1001 - MacQuarie Cash Management Trust,1001 - Local Bank Account 1
MXP AUSTRALIA,1030,1030 - Satoluja Trust Account,1030 - Satoluja Trust Account,1011 - USD Bank Account 2
MXP AUSTRALIA,1051,1051 - Petty Cash,1051 - Petty Cash,1090 - Petty Cash Account
MXP AUSTRALIA,1052,1052 - GW Trust A/C (Managed by STLJ),1052 - GW Trust A/C (Managed by STLJ),1010 - USD Bank Account 1
MXP AUSTRALIA,1080,1080 - Cash On Hand,1080 - Cash On Hand,1099 - Cash Suspense
MXP AUSTRALIA,1200,1200 - Accounts Receivable,1200 - Accounts Receivable,1210 - Trade Debtors
MXP AUSTRALIA,1400,1400 - Loans to Related Companies,1400 - Loans to Related Companies,1580 - Loans Other
MXP AUSTRALIA,1402,1400 - Loans to Related Companies:1402 - Loans to MaxiPlan Singapore,1402 - Loans to MaxiPlan Singapore,1530 - Maxiplan Singapore
MXP AUSTRALIA,1499,1499 - Undeposited Funds,1499 - Undeposited Funds,1590 - Undeposited Funds
MXP AUSTRALIA,1560,1560 - Plant & Equipment,1560 - Plant & Equipment,1620 - Office Equip - At Cost
MXP AUSTRALIA,1561,1560 - Plant & Equipment:1561 - Original Cost,1561 - Original Cost,1620 - Office Equip - At Cost
MXP AUSTRALIA,1562,1560 - Plant & Equipment:1562 - Accoumulated Depreciation,1562 - Accoumulated Depreciation,1630 - Office Equip - Accum Depn
MXP AUSTRALIA,1570,1570 - Computer Equipment,1570 - Computer Equipment,1650 - Computers - At Cost
MXP AUSTRALIA,1571,1570 - Computer Equipment:1571 - Computer Equipment - Original C,1571 - Computer Equipment - Original C,1650 - Computers - At Cost
MXP AUSTRALIA,1572,1570 - Computer Equipment:1572 - Computer Equip- Accum Depn,1572 - Computer Equip- Accum Depn,1660 - Computers - Accum Depn
MXP AUSTRALIA,6620,6620 - Formation Expenses,6620 - Formation Expenses,6990 - Miscellaneous Expenses
MXP AUSTRALIA,2000,2000 - Accounts Payable,2000 - Accounts Payable,2010 - Trade Creditors
MXP AUSTRALIA,2030,2030 - Accounts Payable - THB,2030 - Accounts Payable - THB,2010 - Trade Creditors
MXP AUSTRALIA,2100,2100 - Payroll Liabilities,2100 - Payroll Liabilities,2410 - Payroll Liabilities
MXP AUSTRALIA,2102,2100 - Payroll Liabilities:2102 - Payroll Tax,2102 - Payroll Tax,2410 - Payroll Liabilities
MXP AUSTRALIA,2105,2100 - Payroll Liabilities:2105 - Superannuation Liabilities,2105 - Superannuation Liabilities,2410 - Payroll Liabilities
MXP AUSTRALIA,2110,2110 - Prepaid M&S Fees,2110 - Prepaid M&S Fees,2310 - Prepaid Maintenance
MXP AUSTRALIA,2120,2120 - Loans - Related Parties,2120 - Loans - Related Parties,2190 - Loans from Affilites - Non Specific
MXP AUSTRALIA,2121,2120 - Loans - Related Parties:2121 - Loans - Satoluja Holdings P/L,2121 - Loans - Satoluja Holdings P/L,2150 - Loans - Satoluja
MXP AUSTRALIA,2122,2120 - Loans - Related Parties:2122 - Loans - MaxiPlan HK,2122 - Loans - MaxiPlan HK,2120 - Loans - Maxiplan HK
MXP AUSTRALIA,2140,2140 - Shareholders Loans,2140 - Shareholders Loans,2290 - Loans - Directors Other
MXP AUSTRALIA,2141,2140 - Shareholders Loans:2141 - Loans - Greg Parsons,2141 - Loans - Greg Parsons,2210 - Loans - G C Parsons
MXP AUSTRALIA,2142,2140 - Shareholders Loans:2142 - Loans - George Wilk,2142 - Loans - George Wilk,2220 - Loans - G Wilk
MXP AUSTRALIA,2143,2140 - Shareholders Loans:2142 - Loans - George Wilk:2143 - Loans GW (via Satoluja Hldgs),2143 - Loans GW (via Satoluja Hldgs),2220 - Loans - G Wilk
MXP AUSTRALIA,2150,2150 - Loan from  Peter,2150 - Loan from  Peter,2290 - Loans - Directors Other
MXP AUSTRALIA,2190,2190 - Accrued Expenses,2190 - Accrued Expenses,2510 - Accrued Expenses
MXP AUSTRALIA,2200,2200 - Tax Payable,2200 - Tax Payable,2620 - Taxation Payable
MXP AUSTRALIA,1110,1110 - Retained Earnings,1110 - Retained Earnings,3300 - Retained Earnings
MXP AUSTRALIA,3000,3000 - Opening Bal Equity,3000 - Opening Bal Equity,3100 - Opening Balance Equity
MXP AUSTRALIA,4100,4100 - SW Licence Fees,4100 - SW Licence Fees,4010 - Software Licence Fees
MXP AUSTRALIA,4120,4120 - Software Maintenance Fees,4120 - Software Maintenance Fees,4020 - Support and Upgrade Fees
MXP AUSTRALIA,4200,4200 - Consultancy and Development,4200 - Consultancy and Development,4030 - Consultancy and Development
MXP AUSTRALIA,4300,4300 - Automatos Service Revenue,4300 - Automatos Service Revenue,4050 - Miscellaneous Income
MXP AUSTRALIA,4520,4520 - Consulting Expenses Recovery,4520 - Consulting Expenses Recovery,4040 - Consulting Expenses Recovery
MXP AUSTRALIA,4599,4599 - Interest Received,4599 - Interest Received,7110 - Interest Income
MXP AUSTRALIA,4999,4999 - Uncategorised Income,4999 - Uncategorised Income,4050 - Miscellaneous Income
MXP AUSTRALIA,5200,5200 - MXP Software Purchases,5200 - MXP Software Purchases,5010 - Software Licence Costs
MXP AUSTRALIA,5210,5210 - Subcontractor Expenses,5210 - Subcontractor Expenses,5020 - Subcontractor Fees
MXP AUSTRALIA,5250,5250 - Third Party Sales Commission,5250 - Third Party Sales Commission,5050 - Sales Commissions
MXP AUSTRALIA,5260,5260 - Cost - Automatos Service,5260 - Cost - Automatos Service,5010 - Software Licence Costs
MXP AUSTRALIA,6110,6110 - Motor Expense,6110 - Motor Expense,6630 - Transportation
MXP AUSTRALIA,6115,6115 - Exchange Gain/Loss,6115 - Exchange Gain/Loss,8250 - Exchange Loss/(Gain)
MXP AUSTRALIA,6120,6120 - Bank Service Charges,6120 - Bank Service Charges,6810 - Bank Service Charges
MXP AUSTRALIA,6125,6125 - Books and Publications,6125 - Books and Publications,6910 - Books and Publications
MXP AUSTRALIA,6130,6130 - Cash Discounts,6130 - Cash Discounts,6930 - Cash Discounts
MXP AUSTRALIA,6140,6140 - Gifts and Donations,6140 - Gifts and Donations,6460 - Gifts & Donations
MXP AUSTRALIA,6150,6150 - Depreciation Expense,6150 - Depreciation Expense,6830 - Depreciation Expense
MXP AUSTRALIA,6160,6160 - Dues and Subscriptions,6160 - Dues and Subscriptions,6920 - Dues and Subscriptions
MXP AUSTRALIA,6170,6170 - Equipment Rental,6170 - Equipment Rental,6370 - Equipment Expenses & Rentals
MXP AUSTRALIA,6175,6175 - Expensed Equipment,6175 - Expensed Equipment,6340 - Computer Consumables
MXP AUSTRALIA,6180,6180 - Insurance,6180 - Insurance,6170 - Insurances - HR Related
MXP AUSTRALIA,6185,6180 - Insurance:6185 - Workers Compensation Insurance,6185 - Workers Compensation Insurance,6170 - Insurances - HR Related
MXP AUSTRALIA,6190,6180 - Insurance:6190 - Sickness and accident Insurance,6190 - Sickness and accident Insurance,6170 - Insurances - HR Related
MXP AUSTRALIA,6200,6200 - Interest Expense,6200 - Interest Expense,6820 - Interest Expense
MXP AUSTRALIA,6210,6200 - Interest Expense:6210 - Finance Charge,6210 - Finance Charge,6820 - Interest Expense
MXP AUSTRALIA,6220,6200 - Interest Expense:6220 - Loan Interest,6220 - Loan Interest,6820 - Interest Expense
MXP AUSTRALIA,6375,6200 - Interest Expense:6375 - Mortgage,6375 - Mortgage,6820 - Interest Expense
MXP AUSTRALIA,6230,6230 - Licenses and Permits,6230 - Licenses and Permits,6750 - Licences & Permits
MXP AUSTRALIA,6240,6240 - Miscellaneous,6240 - Miscellaneous,6990 - Miscellaneous Expenses
MXP AUSTRALIA,6250,6250 - Postage and Delivery,6250 - Postage and Delivery,6310 - Postage and Courier
MXP AUSTRALIA,6260,6260 - Printing and Stationery,6260 - Printing and Stationery,6350 - Printing
MXP AUSTRALIA,6270,6270 - Professional Fees,6270 - Professional Fees,6790 - Other Acctg & Legal
MXP AUSTRALIA,6275,6270 - Professional Fees:6275 - Accounting,6275 - Accounting,6710 - Accounting
MXP AUSTRALIA,6280,6270 - Professional Fees:6280 - Legal Fees,6280 - Legal Fees,6740 - Legal Fees
MXP AUSTRALIA,6282,6270 - Professional Fees:6282 - Asic Fees,6282 - Asic Fees,6750 - Licences & Permits
MXP AUSTRALIA,6284,6270 - Professional Fees:6284 - Secretarial,6284 - Secretarial,6790 - Other Acctg & Legal
MXP AUSTRALIA,6288,6288 - Recruitment Fees,6288 - Recruitment Fees,6160 - Recruitment Costs
MXP AUSTRALIA,6290,6290 - Rent,6290 - Rent,6210 - Rent
MXP AUSTRALIA,6295,6295 - Office Expenses,6295 - Office Expenses,6320 - Office Supplies
MXP AUSTRALIA,6300,6300 - Repairs,6300 - Repairs,6240 - Building Repairs & Maintenance
MXP AUSTRALIA,6310,6300 - Repairs:6310 - Building Repairs,6310 - Building Repairs,6240 - Building Repairs & Maintenance
MXP AUSTRALIA,6320,6300 - Repairs:6320 - Computer Repairs,6320 - Computer Repairs,6360 - Equipment Repairs
MXP AUSTRALIA,6330,6300 - Repairs:6330 - Equipment Repairs,6330 - Equipment Repairs,6360 - Equipment Repairs
MXP AUSTRALIA,6334,6334 - Subscriptions,6334 - Subscriptions,6920 - Dues and Subscriptions
MXP AUSTRALIA,6335,6335 - Software Expense,6335 - Software Expense,6330 - Software Expense
MXP AUSTRALIA,6336,6336 - EDP Consumables,6336 - EDP Consumables,6340 - Computer Consumables
MXP AUSTRALIA,6340,6340 - Telephone & Internet,6340 - Telephone & Internet,6510 - Telephone
MXP AUSTRALIA,6341,6340 - Telephone & Internet:6341 - Mobile,6341 - Mobile,6510 - Telephone
MXP AUSTRALIA,6343,6340 - Telephone & Internet:6343 - Skype,6343 - Skype,6510 - Telephone
MXP AUSTRALIA,6345,6340 - Telephone & Internet:6345 - Fax,6345 - Fax,6510 - Telephone
MXP AUSTRALIA,6346,6340 - Telephone & Internet:6346 - ADSL Telephone Line,6346 - ADSL Telephone Line,6510 - Telephone
MXP AUSTRALIA,6347,6340 - Telephone & Internet:6347 - ISP Fees,6347 - ISP Fees,6520 - Internet
MXP AUSTRALIA,6348,6340 - Telephone & Internet:6348 - Internet Expenses,6348 - Internet Expenses,6520 - Internet
MXP AUSTRALIA,6350,6350 - Travel & Ent,6350 - Travel & Ent,6690 - Other
MXP AUSTRALIA,6360,6350 - Travel & Ent:6360 - Entertainment,6360 - Entertainment,6410 - Client Entertainment
MXP AUSTRALIA,6370,6350 - Travel & Ent:6370 - Meals,6370 - Meals,6640 - Meals and Per Diem
MXP AUSTRALIA,6380,6350 - Travel & Ent:6380 - Travel,6380 - Travel,6630 - Transportation
MXP AUSTRALIA,6385,6350 - Travel & Ent:6385 - Local Transportation,6385 - Local Transportation,6630 - Transportation
MXP AUSTRALIA,6390,6390 - Utilities,6390 - Utilities,6220 - Utilities
MXP AUSTRALIA,6400,6390 - Utilities:6400 - Gas and Electric,6400 - Gas and Electric,6220 - Utilities
MXP AUSTRALIA,6410,6390 - Utilities:6410 - Water,6410 - Water,6220 - Utilities
MXP AUSTRALIA,6480,6480 - External Services,6480 - External Services,6180 - Contracted Services
MXP AUSTRALIA,6490,6490 - Web Hosting Services,6490 - Web Hosting Services,6450 - Design and Web costs
MXP AUSTRALIA,6500,6500 - Marketing Expenses,6500 - Marketing Expenses,6490 - Other Marketing Costs
MXP AUSTRALIA,6510,6500 - Marketing Expenses:6510 - Webex Presentation,6510 - Webex Presentation,6490 - Other Marketing Costs
MXP AUSTRALIA,6560,6560 - Payroll Expenses,6560 - Payroll Expenses,6190 - Payroll Expenses
MXP AUSTRALIA,6565,6560 - Payroll Expenses:6565 - Employee Super,6565 - Employee Super,6130 - Superannuation
MXP AUSTRALIA,6910,6910 - Formation Expenses Written Off,6910 - Formation Expenses Written Off,6990 - Miscellaneous Expenses
MXP AUSTRALIA,7010,7010 - Interest Income,7010 - Interest Income,7110 - Interest Income
MXP AUSTRALIA,7030,7030 - Other Income,7030 - Other Income,7120 - Other Income
MXP AUSTRALIA,8010,8010 - Other Expenses,8010 - Other Expenses,8230 - Other Expense
MXP HONG KONG,1001,1001 - 429 SCB,1001 - 429 SCB,1001 - Local Bank Account 1
MXP HONG KONG,1002,1002 - SCB HK$,1002 - SCB HK$,1002 - Local Bank Account 2
MXP HONG KONG,1005,1005 - SCB US$,1005 - SCB US$,1010 - USD Bank Account 1
MXP HONG KONG,1008,1008 - Cash Suspense,1008 - Cash Suspense,1099 - Cash Suspense
MXP HONG KONG,1021,1021 - Petty Cash,1021 - Petty Cash,1090 - Petty Cash Account
MXP HONG KONG,1200,1200 - Accounts Receivable,1200 - Accounts Receivable,1210 - Trade Debtors
MXP HONG KONG,1201,1201 - Other Debtors,1201 - Other Debtors,1220 - Other Debtors
MXP HONG KONG,1220,1220 - MR Accounts Receivable,1220 - MR Accounts Receivable,1210 - Trade Debtors
MXP HONG KONG,1222,1222 - THB Accounts Receivable,1222 - THB Accounts Receivable,1210 - Trade Debtors
MXP HONG KONG,1224,1224 - NZD Accounts Receivable,1224 - NZD Accounts Receivable,1210 - Trade Debtors
MXP HONG KONG,1230,1230 - Temporary Suspense,1230 - Temporary Suspense,1099 - Cash Suspense
MXP HONG KONG,1300,1300 - Prepayments,1300 - Prepayments,1310 - Prepayments
MXP HONG KONG,1420,1420 - Advance Legal Fees,1420 - Advance Legal Fees,1320 - Advance Payments
MXP HONG KONG,1450,1450 - Deposits & Advances,1450 - Deposits & Advances,1320 - Advance Payments
MXP HONG KONG,1451,1450 - Deposits & Advances:1451 - Lease Deposit,1451 - Lease Deposit,1340 - Deposits
MXP HONG KONG,1452,1450 - Deposits & Advances:1452 - Other Deposits,1452 - Other Deposits,1340 - Deposits
MXP HONG KONG,1453,1450 - Deposits & Advances:1453 - Utilities Deposits,1453 - Utilities Deposits,1340 - Deposits
MXP HONG KONG,1460,1460 - Accrued Revenue,1460 - Accrued Revenue,1350 - Accrued Revenue
MXP HONG KONG,1470,1470 - Directors Loans,1470 - Directors Loans,1490 - Directors Loans - Non Specific
MXP HONG KONG,1471,1470 - Directors Loans:1471 - G C Parsons,1471 - G C Parsons,1410 - G C Parsons
MXP HONG KONG,1472,1470 - Directors Loans:1472 - George Wilk,1472 - George Wilk,1420 - G Wilk
MXP HONG KONG,1473,1470 - Directors Loans:1473 - Thomas Lo,1473 - Thomas Lo,1430 - T Lo
MXP HONG KONG,1480,1480 - Loan - MaxiPlan Singapore,1480 - Loan - MaxiPlan Singapore,1530 - Maxiplan Singapore
MXP HONG KONG,1485,1485 - Loans - MaxiPlan Australia,1485 - Loans - MaxiPlan Australia,1510 - Maxiplan Australia
MXP HONG KONG,1490,1490 - Loans MaxiPlan Software UK,1490 - Loans MaxiPlan Software UK,1540 - Maxiplan UK
MXP HONG KONG,1499,1499 - Undeposited Funds,1499 - Undeposited Funds,1590 - Undeposited Funds
MXP HONG KONG,1510,1510 - Employee Advances,1510 - Employee Advances,1330 - Employee Advances
MXP HONG KONG,1890,1890 - Office Equipment,1890 - Office Equipment,1620 - Office Equip - At Cost
MXP HONG KONG,1891,1890 - Office Equipment:1891 - Cost,1891 - Cost,1620 - Office Equip - At Cost
MXP HONG KONG,1892,1890 - Office Equipment:1892 - Accumulated Depreciation,1892 - Accumulated Depreciation,1630 - Office Equip - Accum Depn
MXP HONG KONG,1910,1910 - Computer Equipment,1910 - Computer Equipment,1650 - Computers - At Cost
MXP HONG KONG,1911,1910 - Computer Equipment:1911 - Cost,1911 - Cost,1650 - Computers - At Cost
MXP HONG KONG,1912,1910 - Computer Equipment:1912 - Accumulated Depn,1912 - Accumulated Depn,1660 - Computers - Accum Depn
MXP HONG KONG,1950,1950 - Fixtures & Fittings,1950 - Fixtures & Fittings,1680 - Fixtures - At Cost
MXP HONG KONG,1951,1950 - Fixtures & Fittings:1951 - Accumulated Depreciation,1951 - Accumulated Depreciation,1690 - Fixtures - Accum Depn
MXP HONG KONG,1952,1950 - Fixtures & Fittings:1952 - Cost,1952 - Cost,1680 - Fixtures - At Cost
MXP HONG KONG,2000,2000 - Accounts Payable,2000 - Accounts Payable,2010 - Trade Creditors
MXP HONG KONG,2060,2060 - Other Payables,2060 - Other Payables,2020 - Other Creditors
MXP HONG KONG,2070,2070 - Loans from Affiliate Companies,2070 - Loans from Affiliate Companies,2190 - Loans from Affilites - Non Specific
MXP HONG KONG,2080,2070 - Loans from Affiliate Companies:2080 - Loans ITH,2080 - Loans ITH,2160 - Loans - ITH
MXP HONG KONG,2085,2070 - Loans from Affiliate Companies:2085 - Loan from G C Parsons,2085 - Loan from G C Parsons,2210 - Loans - G C Parsons
MXP HONG KONG,2090,2070 - Loans from Affiliate Companies:2090 - Loan Satoluja Holdings Pty Ltd,2090 - Loan Satoluja Holdings Pty Ltd,2150 - Loans - Satoluja
MXP HONG KONG,2095,2070 - Loans from Affiliate Companies:2095 - Loans from G Wilk,2095 - Loans from G Wilk,2220 - Loans - G Wilk
MXP HONG KONG,2100,2100 - Payroll Liabilities,2100 - Payroll Liabilities,2410 - Payroll Liabilities
MXP HONG KONG,2200,2200 - GST Control,2200 - GST Control,2610 - GST Control
MXP HONG KONG,2710,2710 - Prepaid Maintenance,2710 - Prepaid Maintenance,2310 - Prepaid Maintenance
MXP HONG KONG,2850,2850 - Withholding Tax,2850 - Withholding Tax,2620 - Taxation Payable
MXP HONG KONG,2860,2860 - Accrued Expense,2860 - Accrued Expense,2510 - Accrued Expenses
MXP HONG KONG,2870,2870 - Taxation Payable,2870 - Taxation Payable,2620 - Taxation Payable
MXP HONG KONG,2880,2880 - Deferred Taxation,2880 - Deferred Taxation,2630 - Deferred Taxation
MXP HONG KONG,3000,3000 - Opening Bal Equity,3000 - Opening Bal Equity,3100 - Opening Balance Equity
MXP HONG KONG,3100,3100 - Share Capital,3100 - Share Capital,3200 - Share Capital
MXP HONG KONG,3200,3200 - Retained Earnings,3200 - Retained Earnings,3300 - Retained Earnings
MXP HONG KONG,3300,3300 - Share Premium,3300 - Share Premium,3400 - Share Premium
MXP HONG KONG,4010,4010 - SW Licenses,4010 - SW Licenses,4010 - Software Licence Fees
MXP HONG KONG,4020,4020 - Software M&S Income,4020 - Software M&S Income,4020 - Support and Upgrade Fees
MXP HONG KONG,4030,4030 - Consulting Income,4030 - Consulting Income,4030 - Consultancy and Development
MXP HONG KONG,4031,4031 - Software Development,4031 - Software Development,4030 - Consultancy and Development
MXP HONG KONG,4040,4040 - Reimbursed Expenses,4040 - Reimbursed Expenses,4040 - Consulting Expenses Recovery
MXP HONG KONG,4050,4050 - Miscellaneous Income,4050 - Miscellaneous Income,4050 - Miscellaneous Income
MXP HONG KONG,4060,4060 - Discount Allowance,4060 - Discount Allowance,4050 - Miscellaneous Income
MXP HONG KONG,4090,4090 - Sundry Income,4090 - Sundry Income,4050 - Miscellaneous Income
MXP HONG KONG,49900,49900 - Uncategorised Income,49900 - Uncategorised Income,4050 - Miscellaneous Income
MXP HONG KONG,5010,5010 - Software Product Sales COGS,5010 - Software Product Sales COGS,5010 - Software Licence Costs
MXP HONG KONG,5011,5010 - Software Product Sales COGS:5011 - Software Licences,5011 - Software Licences,5010 - Software Licence Costs
MXP HONG KONG,5013,5010 - Software Product Sales COGS:5013 - Software Product M&S,5013 - Software Product M&S,5015 - Upgrade and Support Costs
MXP HONG KONG,5020,5020 - External Consulting,5020 - External Consulting,5020 - Subcontractor Fees
MXP HONG KONG,5021,5020 - External Consulting:5021 - External Consulting Net Fees,5021 - External Consulting Net Fees,5020 - Subcontractor Fees
MXP HONG KONG,5022,6960 - Exchange Gain/Loss,6960 - Exchange Gain/Loss,8250 - Exchange Loss/(Gain)
MXP HONG KONG,6005,6005 - Directors Emoluments,6005 - Directors Emoluments,6105 - Directors Emoluments
MXP HONG KONG,6010,6010 - Salaries & Benefits,6010 - Salaries & Benefits,6110 - Salaries & Allowances
MXP HONG KONG,6011,6010 - Salaries & Benefits:6011 - Salary,6011 - Salary,6110 - Salaries & Allowances
MXP HONG KONG,6012,6010 - Salaries & Benefits:6012 - Allowance,6012 - Allowance,6110 - Salaries & Allowances
MXP HONG KONG,6013,6010 - Salaries & Benefits:6013 - Bonus,6013 - Bonus,6120 - Bonuses
MXP HONG KONG,6014,6010 - Salaries & Benefits:6014 - Leave Pay Due on Termination,6014 - Leave Pay Due on Termination,6110 - Salaries & Allowances
MXP HONG KONG,6015,6010 - Salaries & Benefits:6015 - MPF Contributions,6015 - MPF Contributions,6130 - Superannuation
MXP HONG KONG,6017,6010 - Salaries & Benefits:6017 - Health Cover,6017 - Health Cover,6140 - Medical
MXP HONG KONG,6018,6010 - Salaries & Benefits:6018 - Medical Benefits,6018 - Medical Benefits,6140 - Medical
MXP HONG KONG,6019,6010 - Salaries & Benefits:6019 - Training,6019 - Training,6150 - Staff Training and Development
MXP HONG KONG,6020,6020 - Occupancy Charges,6020 - Occupancy Charges,6210 - Rent
MXP HONG KONG,6021,6020 - Occupancy Charges:6021 - Rent,6021 - Rent,6210 - Rent
MXP HONG KONG,6022,6020 - Occupancy Charges:6022 - Amenities,6022 - Amenities,6260 - Amenities
MXP HONG KONG,6023,6020 - Occupancy Charges:6023 - Service Charge,6023 - Service Charge,6250 - Management Fees
MXP HONG KONG,6024,6020 - Occupancy Charges:6024 - Signage,6024 - Signage,6210 - Rent
MXP HONG KONG,6025,6020 - Occupancy Charges:6025 - Rates,6025 - Rates,6210 - Rent
MXP HONG KONG,6030,6030 - Office Admin Costs,6030 - Office Admin Costs,6390 - Other Office and Admin
MXP HONG KONG,6031,6030 - Office Admin Costs:6031 - Office Cleaning/Amenities,6031 - Office Cleaning/Amenities,6230 - Office Cleaning
MXP HONG KONG,6032,6030 - Office Admin Costs:6032 - Secretarial Services,6032 - Secretarial Services,6180 - Contracted Services
MXP HONG KONG,6040,6040 - Recruitment Advertising,6040 - Recruitment Advertising,6160 - Recruitment Costs
MXP HONG KONG,6042,6040 - Recruitment Advertising:6042 - Internet Recruitment,6042 - Internet Recruitment,6160 - Recruitment Costs
MXP HONG KONG,6044,6040 - Recruitment Advertising:6044 - Recruitment Agency Fee,6044 - Recruitment Agency Fee,6160 - Recruitment Costs
MXP HONG KONG,6050,6050 - Employee Training,6050 - Employee Training,6150 - Staff Training and Development
MXP HONG KONG,6052,6050 - Employee Training:6052 - Fees Paid for External Training,6052 - Fees Paid for External Training,6150 - Staff Training and Development
MXP HONG KONG,6054,6050 - Employee Training:6054 - Government Grants for Training,6054 - Government Grants for Training,6150 - Staff Training and Development
MXP HONG KONG,6100,6100 - Marketing,6100 - Marketing,6490 - Other Marketing Costs
MXP HONG KONG,6101,6100 - Marketing:6101 - Seminars & Promotion,6101 - Seminars & Promotion,6430 - Seminar Costs
MXP HONG KONG,6102,6100 - Marketing:6102 - Printed Marketing Material,6102 - Printed Marketing Material,6440 - Printing and Production
MXP HONG KONG,6103,6100 - Marketing:6103 - Outside Services,6103 - Outside Services,6450 - Design and Web costs
MXP HONG KONG,6110,6110 - Motor Expense,6110 - Motor Expense,6630 - Transportation
MXP HONG KONG,6120,6120 - Bank Service Charges,6120 - Bank Service Charges,6810 - Bank Service Charges
MXP HONG KONG,6125,6125 - Books and Publications,6125 - Books and Publications,6810 - Bank Service Charges
MXP HONG KONG,6130,6130 - Cash Discounts,6130 - Cash Discounts,6930 - Cash Discounts
MXP HONG KONG,6140,6140 - Gifts and Donations,6140 - Gifts and Donations,6460 - Gifts & Donations
MXP HONG KONG,6150,6150 - Depreciation Expense,6150 - Depreciation Expense,6830 - Depreciation Expense
MXP HONG KONG,6153,6150 - Depreciation Expense:6153 - Office Equip Depn,6153 - Office Equip Depn,6830 - Depreciation Expense
MXP HONG KONG,6155,6150 - Depreciation Expense:6155 - Depn Comp Eqt,6155 - Depn Comp Eqt,6830 - Depreciation Expense
MXP HONG KONG,6157,6150 - Depreciation Expense:6157 - Depn Fixtures & Fittings,6157 - Depn Fixtures & Fittings,6830 - Depreciation Expense
MXP HONG KONG,6160,6160 - Dues and Subscriptions,6160 - Dues and Subscriptions,6920 - Dues and Subscriptions
MXP HONG KONG,6165,6165 - Entertainment,6165 - Entertainment,6410 - Client Entertainment
MXP HONG KONG,6170,6170 - Equipment Rental,6170 - Equipment Rental,6370 - Equipment Expenses & Rentals
MXP HONG KONG,6175,6175 - Expensed Equipment,6175 - Expensed Equipment,6370 - Equipment Expenses & Rentals
MXP HONG KONG,6180,6180 - Insurance,6180 - Insurance,6170 - Insurances - HR Related
MXP HONG KONG,6181,6180 - Insurance:6181 - Fire & Risks,6181 - Fire & Risks,6270 - Insurance - Occupancy Related
MXP HONG KONG,6185,6180 - Insurance:6185 - Professional Indemnity Insuranc,6185 - Professional Indemnity Insuranc,6170 - Insurances - HR Related
MXP HONG KONG,6186,6180 - Insurance:6186 - Sickness and accident Insurance,6186 - Sickness and accident Insurance,6170 - Insurances - HR Related
MXP HONG KONG,6187,6180 - Insurance:6187 - Employer's Liability,6187 - Employer's Liability,6170 - Insurances - HR Related
MXP HONG KONG,6188,6180 - Insurance:6188 - Employee Compensation,6188 - Employee Compensation,6170 - Insurances - HR Related
MXP HONG KONG,6200,6200 - Interest Expense,6200 - Interest Expense,6820 - Interest Expense
MXP HONG KONG,6202,6200 - Interest Expense:6202 - Finance Charge,6202 - Finance Charge,6820 - Interest Expense
MXP HONG KONG,6204,6200 - Interest Expense:6204 - Loan Interest,6204 - Loan Interest,6820 - Interest Expense
MXP HONG KONG,6208,6200 - Interest Expense:6208 - Mortgage,6208 - Mortgage,6820 - Interest Expense
MXP HONG KONG,6230,6230 - Licenses and Permits,6230 - Licenses and Permits,6750 - Licences & Permits
MXP HONG KONG,6231,6230 - Licenses and Permits:6231 - Business Registration,6231 - Business Registration,6750 - Licences & Permits
MXP HONG KONG,6240,6240 - Miscellaneous,6240 - Miscellaneous,6990 - Miscellaneous Expenses
MXP HONG KONG,6250,6250 - Postage and Delivery,6250 - Postage and Delivery,6310 - Postage and Courier
MXP HONG KONG,6260,6260 - Printing and Reproduction,6260 - Printing and Reproduction,6350 - Printing
MXP HONG KONG,6270,6270 - Professional Fees,6270 - Professional Fees,6790 - Other Acctg & Legal
MXP HONG KONG,6271,6270 - Professional Fees:6271 - Accounting,6271 - Accounting,6710 - Accounting
MXP HONG KONG,6272,6270 - Professional Fees:6272 - Legal Fees,6272 - Legal Fees,6740 - Legal Fees
MXP HONG KONG,6273,6270 - Professional Fees:6273 - Audit Fee,6273 - Audit Fee,6720 - Audit Costs
MXP HONG KONG,6275,6270 - Professional Fees:6275 - Other Professional Services,6275 - Other Professional Services,6790 - Other Acctg & Legal
MXP HONG KONG,6276,6270 - Professional Fees:6276 - Disbursements,6276 - Disbursements,6720 - Audit Costs
MXP HONG KONG,6280,6280 - Repairs,6280 - Repairs,6240 - Building Repairs & Maintenance
MXP HONG KONG,6281,6280 - Repairs:6281 - Building Repairs,6281 - Building Repairs,6240 - Building Repairs & Maintenance
MXP HONG KONG,6282,6280 - Repairs:6282 - Computer Repairs,6282 - Computer Repairs,6360 - Equipment Repairs
MXP HONG KONG,6283,6280 - Repairs:6283 - Equipment Repairs,6283 - Equipment Repairs,6360 - Equipment Repairs
MXP HONG KONG,6285,6280 - Repairs:6285 - Janitorial Exp,6285 - Janitorial Exp,6240 - Building Repairs & Maintenance
MXP HONG KONG,6290,6290 - Subscriptions,6290 - Subscriptions,6920 - Dues and Subscriptions
MXP HONG KONG,6300,6300 - Software Expense,6300 - Software Expense,6330 - Software Expense
MXP HONG KONG,6310,6310 - EDP Consumables,6310 - EDP Consumables,6340 - Computer Consumables
MXP HONG KONG,6320,6320 - Telephone,6320 - Telephone,6510 - Telephone
MXP HONG KONG,6321,6320 - Telephone:6321 - Installation,6321 - Installation,6510 - Telephone
MXP HONG KONG,6322,6320 - Telephone:6322 - Internet Charges,6322 - Internet Charges,6520 - Internet
MXP HONG KONG,6323,6320 - Telephone:6323 - ISD Calls,6323 - ISD Calls,6510 - Telephone
MXP HONG KONG,6325,6320 - Telephone:6325 - Local Calls,6325 - Local Calls,6510 - Telephone
MXP HONG KONG,6326,6320 - Telephone:6326 - Service Fee,6326 - Service Fee,6510 - Telephone
MXP HONG KONG,6327,6320 - Telephone:6327 - Fax,6327 - Fax,6510 - Telephone
MXP HONG KONG,6330,6320 - Telephone:6330 - Mobile,6330 - Mobile,6510 - Telephone
MXP HONG KONG,6331,6320 - Telephone:6330 - Mobile:6331 - ISD Calls,6331 - ISD Calls,6510 - Telephone
MXP HONG KONG,6332,6320 - Telephone:6330 - Mobile:6332 - Local Calls,6332 - Local Calls,6510 - Telephone
MXP HONG KONG,6335,6320 - Telephone:6330 - Mobile:6335 - Service Charge,6335 - Service Charge,6510 - Telephone
MXP HONG KONG,6340,6340 - Bad Debts,6340 - Bad Debts,8205 - Bad Debts
MXP HONG KONG,6350,6350 - Travel and Acc.,6350 - Travel and Acc.,6630 - Transportation
MXP HONG KONG,6351,6350 - Travel and Acc.:6351 - Accommodation,6351 - Accommodation,6620 - Accommodation
MXP HONG KONG,6352,6350 - Travel and Acc.:6352 - Meals,6352 - Meals,6640 - Meals and Per Diem
MXP HONG KONG,6353,6350 - Travel and Acc.:6353 - Travel,6353 - Travel,6630 - Transportation
MXP HONG KONG,6354,6350 - Travel and Acc.:6354 - Travel Insurance,6354 - Travel Insurance,6690 - Other
MXP HONG KONG,6355,6350 - Travel and Acc.:6355 - Local Transportation,6355 - Local Transportation,6630 - Transportation
MXP HONG KONG,6356,6350 - Travel and Acc.:6356 - Per Diem Allowances,6356 - Per Diem Allowances,6640 - Meals and Per Diem
MXP HONG KONG,6357,6350 - Travel and Acc.:6357 - Airfares,6357 - Airfares,6610 - Airfares
MXP HONG KONG,6360,6360 - Stamp Duties,6360 - Stamp Duties,6760 - Stamp Duties
MXP HONG KONG,6390,6390 - Utilities,6390 - Utilities,6220 - Utilities
MXP HONG KONG,6392,6390 - Utilities:6392 - Gas and Electric,6392 - Gas and Electric,6220 - Utilities
MXP HONG KONG,6396,6390 - Utilities:6396 - Water,6396 - Water,6220 - Utilities
MXP HONG KONG,6550,6550 - Office Supplies,6550 - Office Supplies,6320 - Office Supplies
MXP HONG KONG,6551,6550 - Office Supplies:6551 - Copier Service,6551 - Copier Service,6320 - Office Supplies
MXP HONG KONG,6552,6550 - Office Supplies:6552 - Miscellaneous,6552 - Miscellaneous,6390 - Other Office and Admin
MXP HONG KONG,6553,6550 - Office Supplies:6553 - Stationery,6553 - Stationery,6320 - Office Supplies
MXP HONG KONG,6555,6555 - Outside Services,6555 - Outside Services,6180 - Contracted Services
MXP HONG KONG,6560,6560 - Payroll Expenses,6560 - Payroll Expenses,6190 - Payroll Expenses
MXP HONG KONG,66900,66900 - Reconciliation Discrepancies,66900 - Reconciliation Discrepancies,6990 - Miscellaneous Expenses
MXP HONG KONG,6700,6700 - Development Costs External,6700 - Development Costs External,6180 - Contracted Services
MXP HONG KONG,6710,6700 - Development Costs External:6710 - Software Consultancy Devt Exp,6710 - Software Consultancy Devt Exp,6180 - Contracted Services
MXP HONG KONG,6720,6700 - Development Costs External:6720 - Documentation Development Costs,6720 - Documentation Development Costs,6180 - Contracted Services
MXP HONG KONG,6730,6700 - Development Costs External:6730 - Product Testing Costs,6730 - Product Testing Costs,6180 - Contracted Services
MXP HONG KONG,6750,6750 - Business Development Costs,6750 - Business Development Costs,6180 - Contracted Services
MXP HONG KONG,6998,6998 - Expenses Suspense,6998 - Expenses Suspense,6995 - Expenses Suspense
MXP HONG KONG,6999,6999 - Uncategorised Expenses,6999 - Uncategorised Expenses,6990 - Miscellaneous Expenses
MXP HONG KONG,7010,7010 - Interest Income,7010 - Interest Income,7110 - Interest Income
MXP HONG KONG,7020,7020 - Sundry Income Account,7020 - Sundry Income Account,7120 - Other Income
MXP HONG KONG,7030,7030 - Other Income,7030 - Other Income,7120 - Other Income
MXP HONG KONG,6800,6800 - Taxes,6800 - Taxes,8240 - Tax
MXP HONG KONG,6830,6800 - Taxes:6830 - Corporate,6830 - Corporate,8240 - Tax
MXP HONG KONG,6850,6800 - Taxes:6850 - Property,6850 - Property,8240 - Tax
MXP HONG KONG,6860,6800 - Taxes:6860 - Late Lodgement Penalty,6860 - Late Lodgement Penalty,8210 - Late Payment Fees
MXP HONG KONG,8010,8010 - Other Expenses,8010 - Other Expenses,8230 - Other Expense
MXP HONG KONG,8012,8010 - Other Expenses:8012 - Dividend Paid,8012 - Dividend Paid,8230 - Other Expense
MXP HONG KONG,8014,8010 - Other Expenses:8014 - Bad Debt,8014 - Bad Debt,8205 - Bad Debts
MXP HONG KONG,8013,8013 - Impairment loss Amt due fm Subs,8013 - Impairment loss Amt due fm Subs,8250 - Impairment Loss Amt due fm Subs
MXP HONG KONG,8020,8020 - Curr. Exch Loss/(Gain),8020 - Curr. Exch Loss/(Gain),8250 - Exchange Loss/(Gain)
MXP HONG KONG,8030,8030 - Unclaimed GST,8030 - Unclaimed GST,8240 - Tax
MXP HONG KONG,8040,8040 - Witholding Tax Penalties,8040 - Witholding Tax Penalties,8240 - Tax
MXP SINGAPORE,1002,1002 - CitiBank USD,1002 - CitiBank USD,1011 - USD Bank Account 2
MXP SINGAPORE,1008,1008 - Cash Suspense,1008 - Cash Suspense,1099 - Cash Suspense
MXP SINGAPORE,1010,1010 - DBS SGD,1010 - DBS SGD,1001 - Local Bank Account 1
MXP SINGAPORE,1012,1012 - DBS USD,1012 - DBS USD,1010 - USD Bank Account 1
MXP SINGAPORE,1021,1021 - Petty Cash,1021 - Petty Cash,1090 - Petty Cash Account
MXP SINGAPORE,1200,1200 - Accounts Receivable,1200 - Accounts Receivable,1210 - Trade Debtors
MXP SINGAPORE,1205,1205 - Accounts Receivable (USD),1205 - Accounts Receivable (USD),1210 - Trade Debtors
MXP SINGAPORE,1300,1300 - Prepayments,1300 - Prepayments,1310 - Prepayments
MXP SINGAPORE,1320,1320 - Accrued Revenue,1320 - Accrued Revenue,1350 - Accrued Revenue
MXP SINGAPORE,1420,1420 - Advance Legal Fees,1420 - Advance Legal Fees,1320 - Advance Payments
MXP SINGAPORE,1450,1450 - Deposits & Advances,1450 - Deposits & Advances,1340 - Deposits
MXP SINGAPORE,1451,1450 - Deposits & Advances:1451 - Lease Deposit,1451 - Lease Deposit,1340 - Deposits
MXP SINGAPORE,1452,1450 - Deposits & Advances:1452 - Other Deposits,1452 - Other Deposits,1340 - Deposits
MXP SINGAPORE,1453,1450 - Deposits & Advances:1453 - Utilities Deposits,1453 - Utilities Deposits,1340 - Deposits
MXP SINGAPORE,1470,1470 - Directors Loans,1470 - Directors Loans,1490 - Directors Loans - Non Specific
MXP SINGAPORE,1471,1470 - Directors Loans:1471 - G C Parsons,1471 - G C Parsons,1410 - G C Parsons
MXP SINGAPORE,1485,1485 - Loans to DanaiCorp Limited,1485 - Loans to DanaiCorp Limited,1580 - Loans Other
MXP SINGAPORE,1499,1499 - Undeposited Funds,1499 - Undeposited Funds,1590 - Undeposited Funds
MXP SINGAPORE,1510,1510 - Employee Advances,1510 - Employee Advances,1330 - Employee Advances
MXP SINGAPORE,1513,1510 - Employee Advances:1513 - Andi Christian Advance,1513 - Andi Christian Advance,1330 - Employee Advances
MXP SINGAPORE,1890,1890 - Office Equipment,1890 - Office Equipment,1620 - Office Equip - At Cost
MXP SINGAPORE,1891,1890 - Office Equipment:1891 - Cost,1891 - Cost,1620 - Office Equip - At Cost
MXP SINGAPORE,1892,1890 - Office Equipment:1892 - Accumulated Depreciation,1892 - Accumulated Depreciation,1630 - Office Equip - Accum Depn
MXP SINGAPORE,1910,1910 - Computer Equipment,1910 - Computer Equipment,1650 - Computers - At Cost
MXP SINGAPORE,1911,1910 - Computer Equipment:1911 - Cost,1911 - Cost,1650 - Computers - At Cost
MXP SINGAPORE,1912,1910 - Computer Equipment:1912 - Accumulated Depn,1912 - Accumulated Depn,1660 - Computers - Accum Depn
MXP SINGAPORE,1950,1950 - Fixtures & Fittings,1950 - Fixtures & Fittings,1680 - Fixtures - At Cost
MXP SINGAPORE,1951,1950 - Fixtures & Fittings:1951 - Accumulated Depreciation,1951 - Accumulated Depreciation,1690 - Fixtures - Accum Depn
MXP SINGAPORE,1952,1950 - Fixtures & Fittings:1952 - Cost,1952 - Cost,1680 - Fixtures - At Cost
MXP SINGAPORE,2000,2000 - Accounts Payable,2000 - Accounts Payable,2010 - Trade Creditors
MXP SINGAPORE,2002,2002 - USD Accounts Payable,2002 - USD Accounts Payable,2010 - Trade Creditors
MXP SINGAPORE,2010,2010 - Loans from Affiliate Companies,2010 - Loans from Affiliate Companies,2190 - Loans from Affilites - Non Specific
MXP SINGAPORE,2012,2010 - Loans from Affiliate Companies:2012 - Loan MaxiPlan HK,2012 - Loan MaxiPlan HK,2120 - Loans - Maxiplan HK
MXP SINGAPORE,2013,2010 - Loans from Affiliate Companies:2013 - Loan Maxiplan Australia,2013 - Loan Maxiplan Australia,2110 - Loans - Maxiplan Australia
MXP SINGAPORE,2014,2010 - Loans from Affiliate Companies:2014 - Loan BPS Singapore,2014 - Loan BPS Singapore,2190 - Loans from Affilites - Non Specific
MXP SINGAPORE,2020,2020 - Shareholder Loans,2020 - Shareholder Loans,2290 - Loans - Directors Other
MXP SINGAPORE,2021,2020 - Shareholder Loans:2021 - G C Parsons,2021 - G C Parsons,2210 - Loans - G C Parsons
MXP SINGAPORE,2030,2030 - Loans Received - G Wilk,2030 - Loans Received - G Wilk,2220 - Loans - G Wilk
MXP SINGAPORE,2040,2040 - Loans Received - Satoluja,2040 - Loans Received - Satoluja,2150 - Loans - Satoluja
MXP SINGAPORE,2060,2060 - Other Payables,2060 - Other Payables,2020 - Other Creditors
MXP SINGAPORE,2062,2060 - Other Payables:2062 - MaxiPlan HK - Upgrade Accruals,2062 - MaxiPlan HK - Upgrade Accruals,2020 - Other Creditors
MXP SINGAPORE,2100,2100 - Payroll Liabilities,2100 - Payroll Liabilities,2410 - Payroll Liabilities
MXP SINGAPORE,2111,2111 - Payroll Liability - GCP,2111 - Payroll Liability - GCP,2290 - Loans - Directors Other
MXP SINGAPORE,2200,2200 - GST Control,2200 - GST Control,2610 - GST Control
MXP SINGAPORE,2710,2710 - Prepaid Maintenance,2710 - Prepaid Maintenance,2310 - Prepaid Maintenance
MXP SINGAPORE,2850,2850 - Withholding Tax,2850 - Withholding Tax,2620 - Taxation Payable
MXP SINGAPORE,2860,2860 - Accrued Expense,2860 - Accrued Expense,2510 - Accrued Expenses
MXP SINGAPORE,2870,2870 - Taxation Payable,2870 - Taxation Payable,2620 - Taxation Payable
MXP SINGAPORE,2880,2880 - Deferred Taxation,2880 - Deferred Taxation,2630 - Deferred Taxation
MXP SINGAPORE,3000,3000 - Opening Bal Equity,3000 - Opening Bal Equity,3100 - Opening Balance Equity
MXP SINGAPORE,3100,3100 - Share Capital,3100 - Share Capital,3100 - Opening Balance Equity
MXP SINGAPORE,3200,3200 - Retained Earnings,3200 - Retained Earnings,3300 - Retained Earnings
MXP SINGAPORE,4005,4005 - Automatos Service Fees,4005 - Automatos Service Fees,4050 - Miscellaneous Income
MXP SINGAPORE,4010,4010 - SW Licenses,4010 - SW Licenses,4010 - Software Licence Fees
MXP SINGAPORE,4020,4020 - Software M&S Income,4020 - Software M&S Income,4020 - Support and Upgrade Fees
MXP SINGAPORE,4030,4030 - Consulting Income,4030 - Consulting Income,4030 - Consultancy and Development
MXP SINGAPORE,4031,4031 - Software Development,4031 - Software Development,4030 - Consultancy and Development
MXP SINGAPORE,4040,4040 - Reimbursed Expenses,4040 - Reimbursed Expenses,4040 - Consulting Expenses Recovery
MXP SINGAPORE,4050,4050 - Miscellaneous Income,4050 - Miscellaneous Income,4050 - Miscellaneous Income
MXP SINGAPORE,5010,5010 - Software Licensing,5010 - Software Licensing,5010 - Software Licence Costs
MXP SINGAPORE,5011,5010 - Software Licensing:5011 - Software Licensing/Upgrade Fees,5011 - Software Licensing/Upgrade Fees,5015 - Upgrade and Support Costs
MXP SINGAPORE,5012,5010 - Software Licensing:5012 - Withholding Tax,5012 - Withholding Tax,5015 - Upgrade and Support Costs
MXP SINGAPORE,5020,5020 - External Consulting,5020 - External Consulting,5020 - Subcontractor Fees
MXP SINGAPORE,5021,5020 - External Consulting:5021 - External Consulting Net Fees,5021 - External Consulting Net Fees,5020 - Subcontractor Fees
MXP SINGAPORE,5022,5020 - External Consulting:5022 - Withholding Tax,5022 - Withholding Tax,5020 - Subcontractor Fees
MXP SINGAPORE,6002,6002 - Exchange Gain/Loss,6002 - Exchange Gain/Loss,8250 - Exchange Loss/(Gain)
MXP SINGAPORE,6010,6010 - Salaries & Benefits,6010 - Salaries & Benefits,6110 - Salaries & Allowances
MXP SINGAPORE,6011,6010 - Salaries & Benefits:6011 - Salary,6011 - Salary,6110 - Salaries & Allowances
MXP SINGAPORE,6012,6010 - Salaries & Benefits:6012 - Allowance,6012 - Allowance,6110 - Salaries & Allowances
MXP SINGAPORE,6013,6010 - Salaries & Benefits:6013 - Bonus,6013 - Bonus,6120 - Bonuses
MXP SINGAPORE,6014,6010 - Salaries & Benefits:6014 - Leave Pay Due on Termination,6014 - Leave Pay Due on Termination,6110 - Salaries & Allowances
MXP SINGAPORE,6015,6010 - Salaries & Benefits:6015 - MPF Contributions,6015 - MPF Contributions,6130 - Superannuation
MXP SINGAPORE,6016,6010 - Salaries & Benefits:6016 - Employment Pass Fees,6016 - Employment Pass Fees,6190 - Payroll Expenses
MXP SINGAPORE,6017,6010 - Salaries & Benefits:6017 - Health Cover,6017 - Health Cover,6140 - Medical
MXP SINGAPORE,6018,6010 - Salaries & Benefits:6018 - Medical Benefits,6018 - Medical Benefits,6140 - Medical
MXP SINGAPORE,6019,6010 - Salaries & Benefits:6019 - Training,6019 - Training,6150 - Staff Training and Development
MXP SINGAPORE,6020,6020 - Occupancy Charges,6020 - Occupancy Charges,6290 - Other Occupancy Costs
MXP SINGAPORE,6021,6020 - Occupancy Charges:6021 - Rent,6021 - Rent,6210 - Rent
MXP SINGAPORE,6022,6020 - Occupancy Charges:6022 - Amenities,6022 - Amenities,6260 - Amenities
MXP SINGAPORE,6023,6020 - Occupancy Charges:6023 - Service Charge,6023 - Service Charge,6250 - Management Fees
MXP SINGAPORE,6024,6020 - Occupancy Charges:6024 - Signage,6024 - Signage,6290 - Other Occupancy Costs
MXP SINGAPORE,6025,6020 - Occupancy Charges:6025 - Rates,6025 - Rates,6215 - Rates
MXP SINGAPORE,6027,6020 - Occupancy Charges:6027 - Repairs Reclaimed from Rent,6027 - Repairs Reclaimed from Rent,6210 - Rent
MXP SINGAPORE,6030,6030 - Office Admin Costs,6030 - Office Admin Costs,6390 - Other Office and Admin
MXP SINGAPORE,6031,6030 - Office Admin Costs:6031 - Office Cleaning/Amenities,6031 - Office Cleaning/Amenities,6230 - Office Cleaning
MXP SINGAPORE,6032,6030 - Office Admin Costs:6032 - Secretarial Services,6032 - Secretarial Services,6390 - Other Office and Admin
MXP SINGAPORE,6038,6038 - Contract Services,6038 - Contract Services,6180 - Contracted Services
MXP SINGAPORE,6040,6040 - Recruitment Advertising,6040 - Recruitment Advertising,6160 - Recruitment Costs
MXP SINGAPORE,6100,6100 - Marketing,6100 - Marketing,6490 - Other Marketing Costs
MXP SINGAPORE,6101,6100 - Marketing:6101 - Seminars & Promotion,6101 - Seminars & Promotion,6430 - Seminar Costs
MXP SINGAPORE,6102,6100 - Marketing:6102 - Printed Marketing Material,6102 - Printed Marketing Material,6440 - Printing and Production
MXP SINGAPORE,6103,6100 - Marketing:6103 - Outside Services,6103 - Outside Services,6450 - Design and Web costs
MXP SINGAPORE,6104,6100 - Marketing:6104 - Mail List and Sources,6104 - Mail List and Sources,6490 - Other Marketing Costs
MXP SINGAPORE,6110,6110 - Motor Expense,6110 - Motor Expense,6630 - Transportation
MXP SINGAPORE,6120,6120 - Bank Service Charges,6120 - Bank Service Charges,6810 - Bank Service Charges
MXP SINGAPORE,6125,6125 - Books and Publications,6125 - Books and Publications,6910 - Books and Publications
MXP SINGAPORE,6130,6130 - Cash Discounts,6130 - Cash Discounts,6930 - Cash Discounts
MXP SINGAPORE,6140,6140 - Gifts and Donations,6140 - Gifts and Donations,6460 - Gifts & Donations
MXP SINGAPORE,6150,6150 - Depreciation Expense,6150 - Depreciation Expense,6830 - Depreciation Expense
MXP SINGAPORE,6153,6150 - Depreciation Expense:6153 - Office Equip Depn,6153 - Office Equip Depn,6830 - Depreciation Expense
MXP SINGAPORE,6155,6150 - Depreciation Expense:6155 - Depn Comp Eqt,6155 - Depn Comp Eqt,6830 - Depreciation Expense
MXP SINGAPORE,6157,6150 - Depreciation Expense:6157 - Depn Fixtures & Fittings,6157 - Depn Fixtures & Fittings,6830 - Depreciation Expense
MXP SINGAPORE,6160,6160 - Dues and Subscriptions,6160 - Dues and Subscriptions,6920 - Dues and Subscriptions
MXP SINGAPORE,6165,6165 - Entertainment,6165 - Entertainment,6410 - Client Entertainment
MXP SINGAPORE,6170,6170 - Equipment Rental,6170 - Equipment Rental,6370 - Equipment Expenses & Rentals
MXP SINGAPORE,6175,6175 - Expensed Equipment,6175 - Expensed Equipment,6370 - Equipment Expenses & Rentals
MXP SINGAPORE,6180,6180 - Insurance,6180 - Insurance,6270 - Insurance - Occupancy Related
MXP SINGAPORE,6181,6180 - Insurance:6181 - Fire & Risks,6181 - Fire & Risks,6270 - Insurance - Occupancy Related
MXP SINGAPORE,6185,6180 - Insurance:6185 - Professional Indemnity Insuranc,6185 - Professional Indemnity Insuranc,6170 - Insurances - HR Related
MXP SINGAPORE,6186,6180 - Insurance:6186 - Sickness and accident Insurance,6186 - Sickness and accident Insurance,6170 - Insurances - HR Related
MXP SINGAPORE,6187,6180 - Insurance:6187 - Employer's Liability,6187 - Employer's Liability,6170 - Insurances - HR Related
MXP SINGAPORE,6188,6180 - Insurance:6188 - Employee Compensation,6188 - Employee Compensation,6170 - Insurances - HR Related
MXP SINGAPORE,6200,6200 - Interest Expense,6200 - Interest Expense,6820 - Interest Expense
MXP SINGAPORE,6202,6200 - Interest Expense:6202 - Finance Charge,6202 - Finance Charge,6820 - Interest Expense
MXP SINGAPORE,6204,6200 - Interest Expense:6204 - Loan Interest,6204 - Loan Interest,6820 - Interest Expense
MXP SINGAPORE,6208,6200 - Interest Expense:6208 - Mortgage,6208 - Mortgage,6820 - Interest Expense
MXP SINGAPORE,6230,6230 - Licenses and Permits,6230 - Licenses and Permits,6750 - Licences & Permits
MXP SINGAPORE,6231,6230 - Licenses and Permits:6231 - Business Registration,6231 - Business Registration,6750 - Licences & Permits
MXP SINGAPORE,6240,6240 - Miscellaneous,6240 - Miscellaneous,6990 - Miscellaneous Expenses
MXP SINGAPORE,6250,6250 - Postage and Delivery,6250 - Postage and Delivery,6310 - Postage and Courier
MXP SINGAPORE,6260,6260 - Printing and Reproduction,6260 - Printing and Reproduction,6350 - Printing
MXP SINGAPORE,6270,6270 - Professional Fees,6270 - Professional Fees,6790 - Other Acctg & Legal
MXP SINGAPORE,6271,6270 - Professional Fees:6271 - Accounting,6271 - Accounting,6710 - Accounting
MXP SINGAPORE,6272,6270 - Professional Fees:6272 - Legal Fees,6272 - Legal Fees,6740 - Legal Fees
MXP SINGAPORE,6273,6270 - Professional Fees:6273 - Audit Fee,6273 - Audit Fee,6720 - Audit Costs
MXP SINGAPORE,6275,6270 - Professional Fees:6275 - Other Professional Services,6275 - Other Professional Services,6790 - Other Acctg & Legal
MXP SINGAPORE,6276,6270 - Professional Fees:6276 - Disbursements,6276 - Disbursements,6730 - Disbursements
MXP SINGAPORE,6280,6280 - Repairs,6280 - Repairs,6240 - Building Repairs & Maintenance
MXP SINGAPORE,6281,6280 - Repairs:6281 - Building Repairs,6281 - Building Repairs,6240 - Building Repairs & Maintenance
MXP SINGAPORE,6282,6280 - Repairs:6282 - Computer Repairs,6282 - Computer Repairs,6360 - Equipment Repairs
MXP SINGAPORE,6283,6280 - Repairs:6283 - Equipment Repairs,6283 - Equipment Repairs,6360 - Equipment Repairs
MXP SINGAPORE,6285,6280 - Repairs:6285 - Janitorial Exp,6285 - Janitorial Exp,6240 - Building Repairs & Maintenance
MXP SINGAPORE,6290,6290 - Subscriptions,6290 - Subscriptions,6920 - Dues and Subscriptions
MXP SINGAPORE,6300,6300 - Software Expense,6300 - Software Expense,6330 - Software Expense
MXP SINGAPORE,6310,6310 - EDP Consumables,6310 - EDP Consumables,6340 - Computer Consumables
MXP SINGAPORE,6320,6320 - Telephone,6320 - Telephone,6510 - Telephone
MXP SINGAPORE,6321,6320 - Telephone:6321 - Installation,6321 - Installation,6510 - Telephone
MXP SINGAPORE,6322,6320 - Telephone:6322 - Internet Charges,6322 - Internet Charges,6520 - Internet
MXP SINGAPORE,6323,6320 - Telephone:6323 - ISD Calls,6323 - ISD Calls,6510 - Telephone
MXP SINGAPORE,6325,6320 - Telephone:6325 - Local Calls,6325 - Local Calls,6510 - Telephone
MXP SINGAPORE,6326,6320 - Telephone:6326 - Service Fee,6326 - Service Fee,6510 - Telephone
MXP SINGAPORE,6327,6320 - Telephone:6327 - Fax,6327 - Fax,6510 - Telephone
MXP SINGAPORE,6328,6320 - Telephone:6328 - Skype Service,6328 - Skype Service,6510 - Telephone
MXP SINGAPORE,6330,6320 - Telephone:6330 - Mobile,6330 - Mobile,6510 - Telephone
MXP SINGAPORE,6331,6320 - Telephone:6330 - Mobile:6331 - ISD Calls,6331 - ISD Calls,6510 - Telephone
MXP SINGAPORE,6332,6320 - Telephone:6330 - Mobile:6332 - Local Calls,6332 - Local Calls,6510 - Telephone
MXP SINGAPORE,6335,6320 - Telephone:6330 - Mobile:6335 - Service Charge,6335 - Service Charge,6510 - Telephone
MXP SINGAPORE,6350,6350 - Travel and Acc.,6350 - Travel and Acc.,6630 - Transportation
MXP SINGAPORE,6351,6350 - Travel and Acc.:6351 - Accommodation,6351 - Accommodation,6620 - Accommodation
MXP SINGAPORE,6352,6350 - Travel and Acc.:6352 - Meals,6352 - Meals,6640 - Meals and Per Diem
MXP SINGAPORE,6353,6350 - Travel and Acc.:6353 - Travel Expense,6353 - Travel Expense,6630 - Transportation
MXP SINGAPORE,6354,6350 - Travel and Acc.:6354 - Travel Insurance,6354 - Travel Insurance,6630 - Transportation
MXP SINGAPORE,6355,6350 - Travel and Acc.:6355 - Local Transportation,6355 - Local Transportation,6630 - Transportation
MXP SINGAPORE,6356,6350 - Travel and Acc.:6356 - Per Diem Allowances,6356 - Per Diem Allowances,6640 - Meals and Per Diem
MXP SINGAPORE,6357,6350 - Travel and Acc.:6357 - Airfares,6357 - Airfares,6610 - Airfares
MXP SINGAPORE,6360,6360 - Stamp Duties,6360 - Stamp Duties,6760 - Stamp Duties
MXP SINGAPORE,6390,6390 - Utilities,6390 - Utilities,6220 - Utilities
MXP SINGAPORE,6392,6390 - Utilities:6392 - Gas and Electric,6392 - Gas and Electric,6220 - Utilities
MXP SINGAPORE,6396,6390 - Utilities:6396 - Water,6396 - Water,6220 - Utilities
MXP SINGAPORE,6398,6390 - Utilities:6398 - Account Service Fees,6398 - Account Service Fees,6220 - Utilities
MXP SINGAPORE,6550,6550 - Office Supplies,6550 - Office Supplies,6320 - Office Supplies
MXP SINGAPORE,6551,6550 - Office Supplies:6551 - Copier Service,6551 - Copier Service,6320 - Office Supplies
MXP SINGAPORE,6552,6550 - Office Supplies:6552 - Miscellaneous,6552 - Miscellaneous,6320 - Office Supplies
MXP SINGAPORE,6553,6550 - Office Supplies:6553 - Stationery,6553 - Stationery,6320 - Office Supplies
MXP SINGAPORE,6555,6555 - Outside Services,6555 - Outside Services,6180 - Contracted Services
MXP SINGAPORE,6560,6560 - Payroll Expenses,6560 - Payroll Expenses,6190 - Payroll Expenses
MXP SINGAPORE,6570,6570 - Skill Development Funds,6570 - Skill Development Funds,6150 - Staff Training and Development
MXP SINGAPORE,6580,6580 - Bad Debts,6580 - Bad Debts,8205 - Bad Debts
MXP SINGAPORE,66900,66900 - Reconciliation Discrepancies,66900 - Reconciliation Discrepancies,8230 - Other Expense
MXP SINGAPORE,6998,6998 - Expenses Suspense,6998 - Expenses Suspense,6995 - Expenses Suspense
MXP SINGAPORE,6999,6999 - Uncategorised Expenses,6999 - Uncategorised Expenses,6995 - Expenses Suspense
MXP SINGAPORE,7010,7010 - Interest Income,7010 - Interest Income,7110 - Interest Income
MXP SINGAPORE,7030,7030 - Other Income,7030 - Other Income,7120 - Other Income
MXP SINGAPORE,7040,7040 - MOF Resilience Package,7040 - MOF Resilience Package,7120 - Other Income
MXP SINGAPORE,6800,6800 - Taxes,6800 - Taxes,8240 - Tax
MXP SINGAPORE,6830,6800 - Taxes:6830 - Corporate,6830 - Corporate,8240 - Tax
MXP SINGAPORE,6850,6800 - Taxes:6850 - Property,6850 - Property,8240 - Tax
MXP SINGAPORE,6860,6800 - Taxes:6860 - Late Lodgement Penalty,6860 - Late Lodgement Penalty,8240 - Tax
MXP SINGAPORE,6870,6870 - Late Payment Fee,6870 - Late Payment Fee,8240 - Tax
MXP SINGAPORE,8010,8010 - Other Expenses,8010 - Other Expenses,8230 - Other Expense
MXP SINGAPORE,8020,8020 - Curr. Exch Loss/(Gain),8020 - Curr. Exch Loss/(Gain),8250 - Exchange Loss/(Gain)
MXP SINGAPORE,8030,8030 - Unclaimed GST,8030 - Unclaimed GST,8240 - Tax
MXP SINGAPORE,8040,8040 - Witholding Tax Penalties,8040 - Witholding Tax Penalties,8240 - Tax
MXP UK,1002,1002 - CitiBank USD,1002 - CitiBank USD,1011 - USD Bank Account 2
MXP UK,1008,1008 - Cash Suspense,1008 - Cash Suspense,1099 - Cash Suspense
MXP UK,1010,1010 - DBS SGD,1010 - DBS SGD,1001 - Local Bank Account 1
MXP UK,1012,1012 - DBS USD,1012 - DBS USD,1010 - USD Bank Account 1
MXP UK,1021,1021 - Petty Cash,1021 - Petty Cash,1090 - Petty Cash Account
MXP UK,1200,1200 - Accounts Receivable,1200 - Accounts Receivable,1210 - Trade Debtors
MXP UK,1205,1205 - Accounts Receivable (USD),1205 - Accounts Receivable (USD),1210 - Trade Debtors
MXP UK,1300,1300 - Prepayments,1300 - Prepayments,1310 - Prepayments
MXP UK,1320,1320 - Accrued Revenue,1320 - Accrued Revenue,1350 - Accrued Revenue
MXP UK,1420,1420 - Advance Legal Fees,1420 - Advance Legal Fees,1320 - Advance Payments
MXP UK,1450,1450 - Deposits & Advances,1450 - Deposits & Advances,1340 - Deposits
MXP UK,1451,1450 - Deposits & Advances:1451 - Lease Deposit,1451 - Lease Deposit,1340 - Deposits
MXP UK,1452,1450 - Deposits & Advances:1452 - Other Deposits,1452 - Other Deposits,1340 - Deposits
MXP UK,1453,1450 - Deposits & Advances:1453 - Utilities Deposits,1453 - Utilities Deposits,1340 - Deposits
MXP UK,1470,1470 - Directors Loans,1470 - Directors Loans,1490 - Directors Loans - Non Specific
MXP UK,1471,1470 - Directors Loans:1471 - G C Parsons,1471 - G C Parsons,1410 - G C Parsons
MXP UK,1485,1485 - Loans to DanaiCorp Limited,1485 - Loans to DanaiCorp Limited,1580 - Loans Other
MXP UK,1499,1499 - Undeposited Funds,1499 - Undeposited Funds,1590 - Undeposited Funds
MXP UK,1510,1510 - Employee Advances,1510 - Employee Advances,1330 - Employee Advances
MXP UK,1513,1510 - Employee Advances:1513 - Andi Christian Advance,1513 - Andi Christian Advance,1330 - Employee Advances
MXP UK,1890,1890 - Office Equipment,1890 - Office Equipment,1620 - Office Equip - At Cost
MXP UK,1891,1890 - Office Equipment:1891 - Cost,1891 - Cost,1620 - Office Equip - At Cost
MXP UK,1892,1890 - Office Equipment:1892 - Accumulated Depreciation,1892 - Accumulated Depreciation,1630 - Office Equip - Accum Depn
MXP UK,1910,1910 - Computer Equipment,1910 - Computer Equipment,1650 - Computers - At Cost
MXP UK,1911,1910 - Computer Equipment:1911 - Cost,1911 - Cost,1650 - Computers - At Cost
MXP UK,1912,1910 - Computer Equipment:1912 - Accumulated Depn,1912 - Accumulated Depn,1660 - Computers - Accum Depn
MXP UK,1950,1950 - Fixtures & Fittings,1950 - Fixtures & Fittings,1680 - Fixtures - At Cost
MXP UK,1951,1950 - Fixtures & Fittings:1951 - Accumulated Depreciation,1951 - Accumulated Depreciation,1690 - Fixtures - Accum Depn
MXP UK,1952,1950 - Fixtures & Fittings:1952 - Cost,1952 - Cost,1680 - Fixtures - At Cost
MXP UK,2000,2000 - Accounts Payable,2000 - Accounts Payable,2010 - Trade Creditors
MXP UK,2002,2002 - USD Accounts Payable,2002 - USD Accounts Payable,2010 - Trade Creditors
MXP UK,2010,2010 - Loans from Affiliate Companies,2010 - Loans from Affiliate Companies,2190 - Loans from Affilites - Non Specific
MXP UK,2012,2010 - Loans from Affiliate Companies:2012 - Loan MaxiPlan HK,2012 - Loan MaxiPlan HK,2120 - Loans - Maxiplan HK
MXP UK,2013,2010 - Loans from Affiliate Companies:2013 - Loan Maxiplan Australia,2013 - Loan Maxiplan Australia,2110 - Loans - Maxiplan Australia
MXP UK,2014,2010 - Loans from Affiliate Companies:2014 - Loan BPS Singapore,2014 - Loan BPS Singapore,2190 - Loans from Affilites - Non Specific
MXP UK,2020,2020 - Shareholder Loans,2020 - Shareholder Loans,2290 - Loans - Directors Other
MXP UK,2021,2020 - Shareholder Loans:2021 - G C Parsons,2021 - G C Parsons,2210 - Loans - G C Parsons
MXP UK,2030,2030 - Loans Received - G Wilk,2030 - Loans Received - G Wilk,2220 - Loans - G Wilk
MXP UK,2040,2040 - Loans Received - Satoluja,2040 - Loans Received - Satoluja,2150 - Loans - Satoluja
MXP UK,2060,2060 - Other Payables,2060 - Other Payables,2020 - Other Creditors
MXP UK,2062,2060 - Other Payables:2062 - MaxiPlan HK - Upgrade Accruals,2062 - MaxiPlan HK - Upgrade Accruals,2020 - Other Creditors
MXP UK,2100,2100 - Payroll Liabilities,2100 - Payroll Liabilities,2410 - Payroll Liabilities
MXP UK,2111,2111 - Payroll Liability - GCP,2111 - Payroll Liability - GCP,2290 - Loans - Directors Other
MXP UK,2200,2200 - GST Control,2200 - GST Control,2610 - GST Control
MXP UK,2710,2710 - Prepaid Maintenance,2710 - Prepaid Maintenance,2310 - Prepaid Maintenance
MXP UK,2850,2850 - Withholding Tax,2850 - Withholding Tax,2620 - Taxation Payable
MXP UK,2860,2860 - Accrued Expense,2860 - Accrued Expense,2510 - Accrued Expenses
MXP UK,2870,2870 - Taxation Payable,2870 - Taxation Payable,2620 - Taxation Payable
MXP UK,2880,2880 - Deferred Taxation,2880 - Deferred Taxation,2630 - Deferred Taxation
MXP UK,3000,3000 - Opening Bal Equity,3000 - Opening Bal Equity,3100 - Opening Balance Equity
MXP UK,3100,3100 - Share Capital,3100 - Share Capital,3100 - Opening Balance Equity
MXP UK,3200,3200 - Retained Earnings,3200 - Retained Earnings,3300 - Retained Earnings
MXP UK,4005,4005 - Automatos Service Fees,4005 - Automatos Service Fees,4050 - Miscellaneous Income
MXP UK,4010,4010 - SW Licenses,4010 - SW Licenses,4010 - Software Licence Fees
MXP UK,4020,4020 - Software M&S Income,4020 - Software M&S Income,4020 - Support and Upgrade Fees
MXP UK,4030,4030 - Consulting Income,4030 - Consulting Income,4030 - Consultancy and Development
MXP UK,4031,4031 - Software Development,4031 - Software Development,4030 - Consultancy and Development
MXP UK,4040,4040 - Reimbursed Expenses,4040 - Reimbursed Expenses,4040 - Consulting Expenses Recovery
MXP UK,4050,4050 - Miscellaneous Income,4050 - Miscellaneous Income,4050 - Miscellaneous Income
MXP UK,5010,5010 - Software Licensing,5010 - Software Licensing,5010 - Software Licence Costs
MXP UK,5011,5010 - Software Licensing:5011 - Software Licensing/Upgrade Fees,5011 - Software Licensing/Upgrade Fees,5015 - Upgrade and Support Costs
MXP UK,5012,5010 - Software Licensing:5012 - Withholding Tax,5012 - Withholding Tax,5015 - Upgrade and Support Costs
MXP UK,5020,5020 - External Consulting,5020 - External Consulting,5020 - Subcontractor Fees
MXP UK,5021,5020 - External Consulting:5021 - External Consulting Net Fees,5021 - External Consulting Net Fees,5020 - Subcontractor Fees
MXP UK,5022,5020 - External Consulting:5022 - Withholding Tax,5022 - Withholding Tax,5020 - Subcontractor Fees
MXP UK,6002,6002 - Exchange Gain/Loss,6002 - Exchange Gain/Loss,8250 - Exchange Loss/(Gain)
MXP UK,6010,6010 - Salaries & Benefits,6010 - Salaries & Benefits,6110 - Salaries & Allowances
MXP UK,6011,6010 - Salaries & Benefits:6011 - Salary,6011 - Salary,6110 - Salaries & Allowances
MXP UK,6012,6010 - Salaries & Benefits:6012 - Allowance,6012 - Allowance,6110 - Salaries & Allowances
MXP UK,6013,6010 - Salaries & Benefits:6013 - Bonus,6013 - Bonus,6120 - Bonuses
MXP UK,6014,6010 - Salaries & Benefits:6014 - Leave Pay Due on Termination,6014 - Leave Pay Due on Termination,6110 - Salaries & Allowances
MXP UK,6015,6010 - Salaries & Benefits:6015 - MPF Contributions,6015 - MPF Contributions,6130 - Superannuation
MXP UK,6016,6010 - Salaries & Benefits:6016 - Employment Pass Fees,6016 - Employment Pass Fees,6190 - Payroll Expenses
MXP UK,6017,6010 - Salaries & Benefits:6017 - Health Cover,6017 - Health Cover,6140 - Medical
MXP UK,6018,6010 - Salaries & Benefits:6018 - Medical Benefits,6018 - Medical Benefits,6140 - Medical
MXP UK,6019,6010 - Salaries & Benefits:6019 - Training,6019 - Training,6150 - Staff Training and Development
MXP UK,6020,6020 - Occupancy Charges,6020 - Occupancy Charges,6290 - Other Occupancy Costs
MXP UK,6021,6020 - Occupancy Charges:6021 - Rent,6021 - Rent,6210 - Rent
MXP UK,6022,6020 - Occupancy Charges:6022 - Amenities,6022 - Amenities,6260 - Amenities
MXP UK,6023,6020 - Occupancy Charges:6023 - Service Charge,6023 - Service Charge,6250 - Management Fees
MXP UK,6024,6020 - Occupancy Charges:6024 - Signage,6024 - Signage,6290 - Other Occupancy Costs
MXP UK,6025,6020 - Occupancy Charges:6025 - Rates,6025 - Rates,6215 - Rates
MXP UK,6027,6020 - Occupancy Charges:6027 - Repairs Reclaimed from Rent,6027 - Repairs Reclaimed from Rent,6210 - Rent
MXP UK,6030,6030 - Office Admin Costs,6030 - Office Admin Costs,6390 - Other Office and Admin
MXP UK,6031,6030 - Office Admin Costs:6031 - Office Cleaning/Amenities,6031 - Office Cleaning/Amenities,6230 - Office Cleaning
MXP UK,6032,6030 - Office Admin Costs:6032 - Secretarial Services,6032 - Secretarial Services,6390 - Other Office and Admin
MXP UK,6038,6038 - Contract Services,6038 - Contract Services,6180 - Contracted Services
MXP UK,6040,6040 - Recruitment Advertising,6040 - Recruitment Advertising,6160 - Recruitment Costs
MXP UK,6100,6100 - Marketing,6100 - Marketing,6490 - Other Marketing Costs
MXP UK,6101,6100 - Marketing:6101 - Seminars & Promotion,6101 - Seminars & Promotion,6430 - Seminar Costs
MXP UK,6102,6100 - Marketing:6102 - Printed Marketing Material,6102 - Printed Marketing Material,6440 - Printing and Production
MXP UK,6103,6100 - Marketing:6103 - Outside Services,6103 - Outside Services,6450 - Design and Web costs
MXP UK,6104,6100 - Marketing:6104 - Mail List and Sources,6104 - Mail List and Sources,6490 - Other Marketing Costs
MXP UK,6110,6110 - Motor Expense,6110 - Motor Expense,6630 - Transportation
MXP UK,6120,6120 - Bank Service Charges,6120 - Bank Service Charges,6810 - Bank Service Charges
MXP UK,6125,6125 - Books and Publications,6125 - Books and Publications,6910 - Books and Publications
MXP UK,6130,6130 - Cash Discounts,6130 - Cash Discounts,6930 - Cash Discounts
MXP UK,6140,6140 - Gifts and Donations,6140 - Gifts and Donations,6460 - Gifts & Donations
MXP UK,6150,6150 - Depreciation Expense,6150 - Depreciation Expense,6830 - Depreciation Expense
MXP UK,6153,6150 - Depreciation Expense:6153 - Office Equip Depn,6153 - Office Equip Depn,6830 - Depreciation Expense
MXP UK,6155,6150 - Depreciation Expense:6155 - Depn Comp Eqt,6155 - Depn Comp Eqt,6830 - Depreciation Expense
MXP UK,6157,6150 - Depreciation Expense:6157 - Depn Fixtures & Fittings,6157 - Depn Fixtures & Fittings,6830 - Depreciation Expense
MXP UK,6160,6160 - Dues and Subscriptions,6160 - Dues and Subscriptions,6920 - Dues and Subscriptions
MXP UK,6165,6165 - Entertainment,6165 - Entertainment,6410 - Client Entertainment
MXP UK,6170,6170 - Equipment Rental,6170 - Equipment Rental,6370 - Equipment Expenses & Rentals
MXP UK,6175,6175 - Expensed Equipment,6175 - Expensed Equipment,6370 - Equipment Expenses & Rentals
MXP UK,6180,6180 - Insurance,6180 - Insurance,6270 - Insurance - Occupancy Related
MXP UK,6181,6180 - Insurance:6181 - Fire & Risks,6181 - Fire & Risks,6270 - Insurance - Occupancy Related
MXP UK,6185,6180 - Insurance:6185 - Professional Indemnity Insuranc,6185 - Professional Indemnity Insuranc,6170 - Insurances - HR Related
MXP UK,6186,6180 - Insurance:6186 - Sickness and accident Insurance,6186 - Sickness and accident Insurance,6170 - Insurances - HR Related
MXP UK,6187,6180 - Insurance:6187 - Employer's Liability,6187 - Employer's Liability,6170 - Insurances - HR Related
MXP UK,6188,6180 - Insurance:6188 - Employee Compensation,6188 - Employee Compensation,6170 - Insurances - HR Related
MXP UK,6200,6200 - Interest Expense,6200 - Interest Expense,6820 - Interest Expense
MXP UK,6202,6200 - Interest Expense:6202 - Finance Charge,6202 - Finance Charge,6820 - Interest Expense
MXP UK,6204,6200 - Interest Expense:6204 - Loan Interest,6204 - Loan Interest,6820 - Interest Expense
MXP UK,6208,6200 - Interest Expense:6208 - Mortgage,6208 - Mortgage,6820 - Interest Expense
MXP UK,6230,6230 - Licenses and Permits,6230 - Licenses and Permits,6750 - Licences & Permits
MXP UK,6231,6230 - Licenses and Permits:6231 - Business Registration,6231 - Business Registration,6750 - Licences & Permits
MXP UK,6240,6240 - Miscellaneous,6240 - Miscellaneous,6990 - Miscellaneous Expenses
MXP UK,6250,6250 - Postage and Delivery,6250 - Postage and Delivery,6310 - Postage and Courier
MXP UK,6260,6260 - Printing and Reproduction,6260 - Printing and Reproduction,6350 - Printing
MXP UK,6270,6270 - Professional Fees,6270 - Professional Fees,6790 - Other Acctg & Legal
MXP UK,6271,6270 - Professional Fees:6271 - Accounting,6271 - Accounting,6710 - Accounting
MXP UK,6272,6270 - Professional Fees:6272 - Legal Fees,6272 - Legal Fees,6740 - Legal Fees
MXP UK,6273,6270 - Professional Fees:6273 - Audit Fee,6273 - Audit Fee,6720 - Audit Costs
MXP UK,6275,6270 - Professional Fees:6275 - Other Professional Services,6275 - Other Professional Services,6790 - Other Acctg & Legal
MXP UK,6276,6270 - Professional Fees:6276 - Disbursements,6276 - Disbursements,6730 - Disbursements
MXP UK,6280,6280 - Repairs,6280 - Repairs,6240 - Building Repairs & Maintenance
MXP UK,6281,6280 - Repairs:6281 - Building Repairs,6281 - Building Repairs,6240 - Building Repairs & Maintenance
MXP UK,6282,6280 - Repairs:6282 - Computer Repairs,6282 - Computer Repairs,6360 - Equipment Repairs
MXP UK,6283,6280 - Repairs:6283 - Equipment Repairs,6283 - Equipment Repairs,6360 - Equipment Repairs
MXP UK,6285,6280 - Repairs:6285 - Janitorial Exp,6285 - Janitorial Exp,6240 - Building Repairs & Maintenance
MXP UK,6290,6290 - Subscriptions,6290 - Subscriptions,6920 - Dues and Subscriptions
MXP UK,6300,6300 - Software Expense,6300 - Software Expense,6330 - Software Expense
MXP UK,6310,6310 - EDP Consumables,6310 - EDP Consumables,6340 - Computer Consumables
MXP UK,6320,6320 - Telephone,6320 - Telephone,6510 - Telephone
MXP UK,6321,6320 - Telephone:6321 - Installation,6321 - Installation,6510 - Telephone
MXP UK,6322,6320 - Telephone:6322 - Internet Charges,6322 - Internet Charges,6520 - Internet
MXP UK,6323,6320 - Telephone:6323 - ISD Calls,6323 - ISD Calls,6510 - Telephone
MXP UK,6325,6320 - Telephone:6325 - Local Calls,6325 - Local Calls,6510 - Telephone
MXP UK,6326,6320 - Telephone:6326 - Service Fee,6326 - Service Fee,6510 - Telephone
MXP UK,6327,6320 - Telephone:6327 - Fax,6327 - Fax,6510 - Telephone
MXP UK,6328,6320 - Telephone:6328 - Skype Service,6328 - Skype Service,6510 - Telephone
MXP UK,6330,6320 - Telephone:6330 - Mobile,6330 - Mobile,6510 - Telephone
MXP UK,6331,6320 - Telephone:6330 - Mobile:6331 - ISD Calls,6331 - ISD Calls,6510 - Telephone
MXP UK,6332,6320 - Telephone:6330 - Mobile:6332 - Local Calls,6332 - Local Calls,6510 - Telephone
MXP UK,6335,6320 - Telephone:6330 - Mobile:6335 - Service Charge,6335 - Service Charge,6510 - Telephone
MXP UK,6350,6350 - Travel and Acc.,6350 - Travel and Acc.,6630 - Transportation
MXP UK,6351,6350 - Travel and Acc.:6351 - Accommodation,6351 - Accommodation,6620 - Accommodation
MXP UK,6352,6350 - Travel and Acc.:6352 - Meals,6352 - Meals,6640 - Meals and Per Diem
MXP UK,6353,6350 - Travel and Acc.:6353 - Travel Expense,6353 - Travel Expense,6630 - Transportation
MXP UK,6354,6350 - Travel and Acc.:6354 - Travel Insurance,6354 - Travel Insurance,6630 - Transportation
MXP UK,6355,6350 - Travel and Acc.:6355 - Local Transportation,6355 - Local Transportation,6630 - Transportation
MXP UK,6356,6350 - Travel and Acc.:6356 - Per Diem Allowances,6356 - Per Diem Allowances,6640 - Meals and Per Diem
MXP UK,6357,6350 - Travel and Acc.:6357 - Airfares,6357 - Airfares,6610 - Airfares
MXP UK,6360,6360 - Stamp Duties,6360 - Stamp Duties,6760 - Stamp Duties
MXP UK,6390,6390 - Utilities,6390 - Utilities,6220 - Utilities
MXP UK,6392,6390 - Utilities:6392 - Gas and Electric,6392 - Gas and Electric,6220 - Utilities
MXP UK,6396,6390 - Utilities:6396 - Water,6396 - Water,6220 - Utilities
MXP UK,6398,6390 - Utilities:6398 - Account Service Fees,6398 - Account Service Fees,6220 - Utilities
MXP UK,6550,6550 - Office Supplies,6550 - Office Supplies,6320 - Office Supplies
MXP UK,6551,6550 - Office Supplies:6551 - Copier Service,6551 - Copier Service,6320 - Office Supplies
MXP UK,6552,6550 - Office Supplies:6552 - Miscellaneous,6552 - Miscellaneous,6320 - Office Supplies
MXP UK,6553,6550 - Office Supplies:6553 - Stationery,6553 - Stationery,6320 - Office Supplies
MXP UK,6555,6555 - Outside Services,6555 - Outside Services,6180 - Contracted Services
MXP UK,6560,6560 - Payroll Expenses,6560 - Payroll Expenses,6190 - Payroll Expenses
MXP UK,6570,6570 - Skill Development Funds,6570 - Skill Development Funds,6150 - Staff Training and Development
MXP UK,6580,6580 - Bad Debts,6580 - Bad Debts,8205 - Bad Debts
MXP UK,66900,66900 - Reconciliation Discrepancies,66900 - Reconciliation Discrepancies,8230 - Other Expense
MXP UK,6998,6998 - Expenses Suspense,6998 - Expenses Suspense,6995 - Expenses Suspense
MXP UK,6999,6999 - Uncategorised Expenses,6999 - Uncategorised Expenses,6995 - Expenses Suspense
MXP UK,7010,7010 - Interest Income,7010 - Interest Income,7110 - Interest Income
MXP UK,7030,7030 - Other Income,7030 - Other Income,7120 - Other Income
MXP UK,7040,7040 - MOF Resilience Package,7040 - MOF Resilience Package,7120 - Other Income
MXP UK,6800,6800 - Taxes,6800 - Taxes,8240 - Tax
MXP UK,6830,6800 - Taxes:6830 - Corporate,6830 - Corporate,8240 - Tax
MXP UK,6850,6800 - Taxes:6850 - Property,6850 - Property,8240 - Tax
MXP UK,6860,6800 - Taxes:6860 - Late Lodgement Penalty,6860 - Late Lodgement Penalty,8240 - Tax
MXP UK,6870,6870 - Late Payment Fee,6870 - Late Payment Fee,8240 - Tax
MXP UK,8010,8010 - Other Expenses,8010 - Other Expenses,8230 - Other Expense
MXP UK,8020,8020 - Curr. Exch Loss/(Gain),8020 - Curr. Exch Loss/(Gain),8250 - Exchange Loss/(Gain)
MXP UK,8030,8030 - Unclaimed GST,8030 - Unclaimed GST,8240 - Tax
MXP UK,8040,8040 - Witholding Tax Penalties,8040 - Witholding Tax Penalties,8240 - Tax
